{
  "progress": {
    "있다": {
      "status": "reviewing",
      "stability": 0.20247252231250001,
      "difficulty": 0.22999999999999998,
      "nextReview": 1775661052930.9277,
      "lastReview": 1775643559305,
      "reps": 4,
      "lapses": 0,
      "streak": 4
    },
    "수첩": {
      "status": "reviewing",
      "stability": 0.008333333333333333,
      "difficulty": 0.3,
      "nextReview": 1775634215009,
      "lastReview": 1775633615009,
      "reps": 2,
      "lapses": 0,
      "streak": 2
    },
    "냉장고": {
      "status": "reviewing",
      "stability": 0.008333333333333333,
      "difficulty": 0.3,
      "nextReview": 1775634218720,
      "lastReview": 1775633618720,
      "reps": 2,
      "lapses": 0,
      "streak": 2
    },
    "친구": {
      "status": "reviewing",
      "stability": 0.008333333333333333,
      "difficulty": 0.3,
      "nextReview": 1775634224313,
      "lastReview": 1775633624313,
      "reps": 2,
      "lapses": 0,
      "streak": 2
    },
    "적다": {
      "status": "reviewing",
      "stability": 0.008333333333333333,
      "difficulty": 0.3,
      "nextReview": 1775634220587,
      "lastReview": 1775633620587,
      "reps": 2,
      "lapses": 0,
      "streak": 2
    },
    "옆": {
      "status": "learning",
      "stability": 0.0020833333333333333,
      "difficulty": 0.40499999999999997,
      "nextReview": 1775643611895,
      "lastReview": 1775643551895,
      "reps": 2,
      "lapses": 1,
      "streak": 0
    },
    "크다": {
      "status": "reviewing",
      "stability": 0.05725681344986836,
      "difficulty": 0.22999999999999998,
      "nextReview": 1775648508607.6821,
      "lastReview": 1775643561619,
      "reps": 3,
      "lapses": 0,
      "streak": 3
    },
    "자": {
      "status": "reviewing",
      "stability": 0.008333333333333333,
      "difficulty": 0.3,
      "nextReview": 1775634225328,
      "lastReview": 1775633625328,
      "reps": 2,
      "lapses": 0,
      "streak": 2
    },
    "작다": {
      "status": "reviewing",
      "stability": 0.008333333333333333,
      "difficulty": 0.3,
      "nextReview": 1775634211298,
      "lastReview": 1775633611298,
      "reps": 2,
      "lapses": 0,
      "streak": 2
    },
    "의자": {
      "status": "reviewing",
      "stability": 0.05725681344986836,
      "difficulty": 0.22999999999999998,
      "nextReview": 1775648493795.6821,
      "lastReview": 1775643546807,
      "reps": 3,
      "lapses": 0,
      "streak": 3
    },
    "어느": {
      "status": "reviewing",
      "stability": 0.008333333333333333,
      "difficulty": 0.3,
      "nextReview": 1775635407149,
      "lastReview": 1775634807149,
      "reps": 2,
      "lapses": 0,
      "streak": 2
    },
    "안녕~": {
      "status": "reviewing",
      "stability": 0.008333333333333333,
      "difficulty": 0.3,
      "nextReview": 1775635412460,
      "lastReview": 1775634812460,
      "reps": 2,
      "lapses": 0,
      "streak": 2
    },
    "저": {
      "status": "reviewing",
      "stability": 0.008333333333333333,
      "difficulty": 0.3,
      "nextReview": 1775635410610,
      "lastReview": 1775634810610,
      "reps": 2,
      "lapses": 0,
      "streak": 2
    },
    "안녕하세요?": {
      "status": "reviewing",
      "stability": 0.07261718748009417,
      "difficulty": 0.15299999999999997,
      "nextReview": 1775649758678.9983,
      "lastReview": 1775643484554,
      "reps": 4,
      "lapses": 0,
      "streak": 4
    },
    "선생님": {
      "status": "reviewing",
      "stability": 0.05725681344986836,
      "difficulty": 0.22999999999999998,
      "nextReview": 1775648393123.6821,
      "lastReview": 1775643446135,
      "reps": 3,
      "lapses": 0,
      "streak": 3
    },
    "영국": {
      "status": "reviewing",
      "stability": 0.05725681344986836,
      "difficulty": 0.22999999999999998,
      "nextReview": 1775648365613.6821,
      "lastReview": 1775643418625,
      "reps": 3,
      "lapses": 0,
      "streak": 3
    },
    "러시아": {
      "status": "reviewing",
      "stability": 0.008333333333333333,
      "difficulty": 0.3,
      "nextReview": 1775635421483,
      "lastReview": 1775634821483,
      "reps": 2,
      "lapses": 0,
      "streak": 2
    },
    "~씨": {
      "status": "reviewing",
      "stability": 0.05725681344986836,
      "difficulty": 0.22999999999999998,
      "nextReview": 1775648368614.6821,
      "lastReview": 1775643421626,
      "reps": 3,
      "lapses": 0,
      "streak": 3
    },
    "은행원": {
      "status": "reviewing",
      "stability": 0.05725681344986836,
      "difficulty": 0.22999999999999998,
      "nextReview": 1775648417336.6821,
      "lastReview": 1775643470348,
      "reps": 3,
      "lapses": 0,
      "streak": 3
    },
    "학생": {
      "status": "reviewing",
      "stability": 0.008333333333333333,
      "difficulty": 0.3,
      "nextReview": 1775635419083,
      "lastReview": 1775634819083,
      "reps": 2,
      "lapses": 0,
      "streak": 2
    },
    "중국": {
      "status": "reviewing",
      "stability": 0.008333333333333333,
      "difficulty": 0.3,
      "nextReview": 1775635776660,
      "lastReview": 1775635176660,
      "reps": 2,
      "lapses": 0,
      "streak": 2
    },
    "일본": {
      "status": "reviewing",
      "stability": 0.005725681344986835,
      "difficulty": 0.22999999999999998,
      "nextReview": 1775643899587.8682,
      "lastReview": 1775643404889,
      "reps": 2,
      "lapses": 0,
      "streak": 2
    },
    "사람": {
      "status": "reviewing",
      "stability": 0.005725681344986835,
      "difficulty": 0.22999999999999998,
      "nextReview": 1775643917506.8682,
      "lastReview": 1775643422808,
      "reps": 2,
      "lapses": 0,
      "streak": 2
    },
    "제": {
      "status": "reviewing",
      "stability": 0.005725681344986835,
      "difficulty": 0.22999999999999998,
      "nextReview": 1775643945822.8682,
      "lastReview": 1775643451124,
      "reps": 2,
      "lapses": 0,
      "streak": 2
    },
    "이다/입니다": {
      "status": "reviewing",
      "stability": 0.007566520704259415,
      "difficulty": 0.15299999999999997,
      "nextReview": 1775644103254.389,
      "lastReview": 1775643449507,
      "reps": 3,
      "lapses": 0,
      "streak": 3
    },
    "미국": {
      "status": "learning",
      "stability": 0.0008333333333333334,
      "difficulty": 0.3,
      "nextReview": 1775634898926,
      "lastReview": 1775634838926,
      "reps": 1,
      "lapses": 0,
      "streak": 1
    },
    "그렇습니까?": {
      "status": "learning",
      "stability": 0.0008333333333333334,
      "difficulty": 0.3,
      "nextReview": 1775635136059,
      "lastReview": 1775635076059,
      "reps": 1,
      "lapses": 0,
      "streak": 1
    },
    "캐나다": {
      "status": "learning",
      "stability": 0.0008333333333333334,
      "difficulty": 0.3,
      "nextReview": 1775634913542,
      "lastReview": 1775634853542,
      "reps": 1,
      "lapses": 0,
      "streak": 1
    },
    "성": {
      "status": "reviewing",
      "stability": 0.005725681344986835,
      "difficulty": 0.22999999999999998,
      "nextReview": 1775643907450.8682,
      "lastReview": 1775643412752,
      "reps": 2,
      "lapses": 0,
      "streak": 2
    },
    "의사": {
      "status": "learning",
      "stability": 0.0008333333333333334,
      "difficulty": 0.3,
      "nextReview": 1775634920342,
      "lastReview": 1775634860342,
      "reps": 1,
      "lapses": 0,
      "streak": 1
    },
    "태국": {
      "status": "reviewing",
      "stability": 0.05725681344986836,
      "difficulty": 0.22999999999999998,
      "nextReview": 1775648402364.6821,
      "lastReview": 1775643455376,
      "reps": 3,
      "lapses": 0,
      "streak": 3
    },
    "독일": {
      "status": "learning",
      "stability": 0.0008333333333333334,
      "difficulty": 0.3,
      "nextReview": 1775635161852,
      "lastReview": 1775635101852,
      "reps": 1,
      "lapses": 0,
      "streak": 1
    },
    "누구": {
      "status": "reviewing",