{
  "progress": {
    "мһҲлӢӨ": {
      "status": "reviewing",
      "stability": 0.049999999999999996,
      "difficulty": 0.3,
      "nextReview": 1775637208114,
      "lastReview": 1775633608114,
      "reps": 3,
      "lapses": 0,
      "streak": 3
    },
    "мҲҳмІ©": {
      "status": "reviewing",
      "stability": 0.008333333333333333,
      "difficulty": 0.3,
      "nextReview": 1775634215009,
      "lastReview": 1775633615009,
      "reps": 2,
      "lapses": 0,
      "streak": 2
    },
    "лғүмһҘкі ": {
      "status": "reviewing",
      "stability": 0.008333333333333333,
      "difficulty": 0.3,
      "nextReview": 1775634218720,
      "lastReview": 1775633618720,
      "reps": 2,
      "lapses": 0,
      "streak": 2
    },
    "м№ңкө¬": {
      "status": "reviewing",
      "stability": 0.008333333333333333,
      "difficulty": 0.3,
      "nextReview": 1775634224313,
      "lastReview": 1775633624313,
      "reps": 2,
      "lapses": 0,
      "streak": 2
    },
    "м ҒлӢӨ": {
      "status": "reviewing",
      "stability": 0.008333333333333333,
      "difficulty": 0.3,
      "nextReview": 1775634220587,
      "lastReview": 1775633620587,
      "reps": 2,
      "lapses": 0,
      "streak": 2
    },
    "мҳҶ": {
      "status": "reviewing",
      "stability": 0.008333333333333333,
      "difficulty": 0.3,
      "nextReview": 1775634222257,
      "lastReview": 1775633622257,
      "reps": 2,
      "lapses": 0,
      "streak": 2
    },
    "нҒ¬лӢӨ": {
      "status": "reviewing",
      "stability": 0.008333333333333333,
      "difficulty": 0.3,
      "nextReview": 1775634216975,
      "lastReview": 1775633616975,
      "reps": 2,
      "lapses": 0,
      "streak": 2
    },
    "мһҗ": {
      "status": "reviewing",
      "stability": 0.008333333333333333,
      "difficulty": 0.3,
      "nextReview": 1775634225328,
      "lastReview": 1775633625328,
      "reps": 2,
      "lapses": 0,
      "streak": 2
    },
    "мһ‘лӢӨ": {
      "status": "reviewing",
      "stability": 0.008333333333333333,
      "difficulty": 0.3,
      "nextReview": 1775634211298,
      "lastReview": 1775633611298,
      "reps": 2,
      "lapses": 0,
      "streak": 2
    },
    "мқҳмһҗ": {
      "status": "reviewing",
      "stability": 0.008333333333333333,
      "difficulty": 0.3,
      "nextReview": 1775634223479,
      "lastReview": 1775633623479,
      "reps": 2,
      "lapses": 0,
      "streak": 2
    },
    "м–ҙлҠҗ": {
      "status": "reviewing",
      "stability": 0.008333333333333333,
      "difficulty": 0.3,
      "nextReview": 1775635407149,
      "lastReview": 1775634807149,
      "reps": 2,
      "lapses": 0,
      "streak": 2
    },
    "м•Ҳл…•~": {
      "status": "reviewing",
      "stability": 0.008333333333333333,
      "difficulty": 0.3,
      "nextReview": 1775635412460,
      "lastReview": 1775634812460,
      "reps": 2,
      "lapses": 0,
      "streak": 2
    },
    "м Җ": {
      "status": "reviewing",
      "stability": 0.008333333333333333,
      "difficulty": 0.3,
      "nextReview": 1775635410610,
      "lastReview": 1775634810610,
      "reps": 2,
      "lapses": 0,
      "streak": 2
    },
    "м•Ҳл…•н•ҳм„ёмҡ”?": {
      "status": "reviewing",
      "stability": 0.07261718748009417,
      "difficulty": 0.15299999999999997,
      "nextReview": 1775649758678.9983,
      "lastReview": 1775643484554,
      "reps": 4,
      "lapses": 0,
      "streak": 4
    },
    "м„ мғқлӢҳ": {
      "status": "reviewing",
      "stability": 0.05725681344986836,
      "difficulty": 0.22999999999999998,
      "nextReview": 1775648393123.6821,
      "lastReview": 1775643446135,
      "reps": 3,
      "lapses": 0,
      "streak": 3
    },
    "мҳҒкөӯ": {
      "status": "reviewing",
      "stability": 0.05725681344986836,
      "difficulty": 0.22999999999999998,
      "nextReview": 1775648365613.6821,
      "lastReview": 1775643418625,
      "reps": 3,
      "lapses": 0,
      "streak": 3
    },
    "лҹ¬мӢңм•„": {
      "status": "reviewing",
      "stability": 0.008333333333333333,
      "difficulty": 0.3,
      "nextReview": 1775635421483,
      "lastReview": 1775634821483,
      "reps": 2,
      "lapses": 0,
      "streak": 2
    },
    "~м”Ё": {
      "status": "reviewing",
      "stability": 0.05725681344986836,
      "difficulty": 0.22999999999999998,
      "nextReview": 1775648368614.6821,
      "lastReview": 1775643421626,
      "reps": 3,
      "lapses": 0,
      "streak": 3
    },
    "мқҖн–үмӣҗ": {
      "status": "reviewing",
      "stability": 0.05725681344986836,
      "difficulty": 0.22999999999999998,
      "nextReview": 1775648417336.6821,
      "lastReview": 1775643470348,
      "reps": 3,
      "lapses": 0,
      "streak": 3
    },
    "н•ҷмғқ": {
      "status": "reviewing",
      "stability": 0.008333333333333333,
      "difficulty": 0.3,
      "nextReview": 1775635419083,
      "lastReview": 1775634819083,
      "reps": 2,
      "lapses": 0,
      "streak": 2
    },
    "мӨ‘көӯ": {
      "status": "reviewing",
      "stability": 0.008333333333333333,
      "difficulty": 0.3,
      "nextReview": 1775635776660,
      "lastReview": 1775635176660,
      "reps": 2,
      "lapses": 0,
      "streak": 2
    },
    "мқјліё": {
      "status": "reviewing",
      "stability": 0.005725681344986835,
      "difficulty": 0.22999999999999998,
      "nextReview": 1775643899587.8682,
      "lastReview": 1775643404889,
      "reps": 2,
      "lapses": 0,
      "streak": 2
    },
    "мӮ¬лһҢ": {
      "status": "reviewing",
      "stability": 0.005725681344986835,
      "difficulty": 0.22999999999999998,
      "nextReview": 1775643917506.8682,
      "lastReview": 1775643422808,
      "reps": 2,
      "lapses": 0,
      "streak": 2
    },
    "м ң": {
      "status": "reviewing",
      "stability": 0.005725681344986835,
      "difficulty": 0.22999999999999998,
      "nextReview": 1775643945822.8682,
      "lastReview": 1775643451124,
      "reps": 2,
      "lapses": 0,
      "streak": 2
    },
    "мқҙлӢӨ/мһ…лӢҲлӢӨ": {
      "status": "reviewing",
      "stability": 0.007566520704259415,
      "difficulty": 0.15299999999999997,
      "nextReview": 1775644103254.389,
      "lastReview": 1775643449507,
      "reps": 3,
      "lapses": 0,
      "streak": 3
    },
    "лҜёкөӯ": {
      "status": "learning",
      "stability": 0.0008333333333333334,
      "difficulty": 0.3,
      "nextReview": 1775634898926,
      "lastReview": 1775634838926,
      "reps": 1,
      "lapses": 0,
      "streak": 1
    },
    "к·ёл ҮмҠөлӢҲк№Ң?": {
      "status": "learning",
      "stability": 0.0008333333333333334,
      "difficulty": 0.3,
      "nextReview": 1775635136059,
      "lastReview": 1775635076059,
      "reps": 1,
      "lapses": 0,
      "streak": 1
    },
    "мәҗлӮҳлӢӨ": {
      "status": "learning",
      "stability": 0.0008333333333333334,
      "difficulty": 0.3,
      "nextReview": 1775634913542,
      "lastReview": 1775634853542,
      "reps": 1,
      "lapses": 0,
      "streak": 1
    },
    "м„ұ": {
      "status": "reviewing",
      "stability": 0.005725681344986835,
      "difficulty": 0.22999999999999998,
      "nextReview": 1775643907450.8682,
      "lastReview": 1775643412752,
      "reps": 2,
      "lapses": 0,
      "streak": 2
    },
    "мқҳмӮ¬": {
      "status": "learning",
      "stability": 0.0008333333333333334,
      "difficulty": 0.3,
      "nextReview": 1775634920342,
      "lastReview": 1775634860342,
      "reps": 1,
      "lapses": 0,
      "streak": 1
    },
    "нғңкөӯ": {
      "status": "reviewing",
      "stability": 0.05725681344986836,
      "difficulty": 0.22999999999999998,
      "nextReview": 1775648402364.6821,
      "lastReview": 1775643455376,
      "reps": 3,
      "lapses": 0,
      "streak": 3
    },
    "лҸ…мқј": {
      "status": "learning",
      "stability": 0.0008333333333333334,
      "difficulty": 0.3,
      "nextReview": 1775635161852,
      "lastReview": 1775635101852,
      "reps": 1,
      "lapses": 0,